scenario,iteration,elapsed_seconds,status,response_summary,category
A. Greeting,1,0.0466,success,"Hello! 🌱 I am EcoTravel Advisor, your sustainable journey companion. I can help ...",local
A. Greeting,2,0.0236,success,"Hello! 🌱 I am EcoTravel Advisor, your sustainable journey companion. I can help ...",local
A. Greeting,3,0.0385,success,"Hello! 🌱 I am EcoTravel Advisor, your sustainable journey companion. I can help ...",local
A. Greeting,4,0.0458,success,"Hello! 🌱 I am EcoTravel Advisor, your sustainable journey companion. I can help ...",local
A. Greeting,5,0.0458,success,"Hello! 🌱 I am EcoTravel Advisor, your sustainable journey companion. I can help ...",local
A. Greeting,6,0.0316,success,"Hello! 🌱 I am EcoTravel Advisor, your sustainable journey companion. I can help ...",local
A. Greeting,7,0.0305,success,"Hello! 🌱 I am EcoTravel Advisor, your sustainable journey companion. I can help ...",local
A. Greeting,8,0.0308,success,"Hello! 🌱 I am EcoTravel Advisor, your sustainable journey companion. I can help ...",local
A. Greeting,9,0.0328,success,"Hello! 🌱 I am EcoTravel Advisor, your sustainable journey companion. I can help ...",local
A. Greeting,10,0.0456,success,"Hello! 🌱 I am EcoTravel Advisor, your sustainable journey companion. I can help ...",local
B. Start trip planning,1,0.0468,success,Where would you like to travel? Please enter the destination city or country.,local
B. Start trip planning,2,0.046,success,Where would you like to travel? Please enter the destination city or country.,local
B. Start trip planning,3,0.0227,success,Where would you like to travel? Please enter the destination city or country.,local
B. Start trip planning,4,0.0229,success,Where would you like to travel? Please enter the destination city or country.,local
B. Start trip planning,5,0.0456,success,Where would you like to travel? Please enter the destination city or country.,local
B. Start trip planning,6,0.0235,success,Where would you like to travel? Please enter the destination city or country.,local
B. Start trip planning,7,0.0366,success,Where would you like to travel? Please enter the destination city or country.,local
B. Start trip planning,8,0.0212,success,Where would you like to travel? Please enter the destination city or country.,local
B. Start trip planning,9,0.0406,success,Where would you like to travel? Please enter the destination city or country.,local
B. Start trip planning,10,0.0468,success,Where would you like to travel? Please enter the destination city or country.,local
C. Sustainable activities request,1,0.0459,success,"🌿 Sustainable Activity Suggestions for your destination | These suggestions prioritise low-impact, community-based, and culturally meaning... |   • 🚶 Walking tour of the historic old town and cultural heritage sites   • 🚲 Cy... | ⚠️ These are general destination-based suggestions. Sustainability credentials l... | Always research individual operators for the most current environmental policies...",local
C. Sustainable activities request,2,0.0637,success,"🌿 Sustainable Activity Suggestions for your destination | These suggestions prioritise low-impact, community-based, and culturally meaning... |   • 🚶 Walking tour of the historic old town and cultural heritage sites   • 🚲 Cy... | ⚠️ These are general destination-based suggestions. Sustainability credentials l... | Always research individual operators for the most current environmental policies...",local
C. Sustainable activities request,3,0.0621,success,"🌿 Sustainable Activity Suggestions for your destination | These suggestions prioritise low-impact, community-based, and culturally meaning... |   • 🚶 Walking tour of the historic old town and cultural heritage sites   • 🚲 Cy... | ⚠️ These are general destination-based suggestions. Sustainability credentials l... | Always research individual operators for the most current environmental policies...",local
C. Sustainable activities request,4,0.0447,success,"🌿 Sustainable Activity Suggestions for your destination | These suggestions prioritise low-impact, community-based, and culturally meaning... |   • 🚶 Walking tour of the historic old town and cultural heritage sites   • 🚲 Cy... | ⚠️ These are general destination-based suggestions. Sustainability credentials l... | Always research individual operators for the most current environmental policies...",local
C. Sustainable activities request,5,0.0652,success,"🌿 Sustainable Activity Suggestions for your destination | These suggestions prioritise low-impact, community-based, and culturally meaning... |   • 🚶 Walking tour of the historic old town and cultural heritage sites   • 🚲 Cy... | ⚠️ These are general destination-based suggestions. Sustainability credentials l... | Always research individual operators for the most current environmental policies...",local
C. Sustainable activities request,6,0.0606,success,"🌿 Sustainable Activity Suggestions for your destination | These suggestions prioritise low-impact, community-based, and culturally meaning... |   • 🚶 Walking tour of the historic old town and cultural heritage sites   • 🚲 Cy... | ⚠️ These are general destination-based suggestions. Sustainability credentials l... | Always research individual operators for the most current environmental policies...",local
C. Sustainable activities request,7,0.0584,success,"🌿 Sustainable Activity Suggestions for your destination | These suggestions prioritise low-impact, community-based, and culturally meaning... |   • 🚶 Walking tour of the historic old town and cultural heritage sites   • 🚲 Cy... | ⚠️ These are general destination-based suggestions. Sustainability credentials l... | Always research individual operators for the most current environmental policies...",local
C. Sustainable activities request,8,0.0626,success,"🌿 Sustainable Activity Suggestions for your destination | These suggestions prioritise low-impact, community-based, and culturally meaning... |   • 🚶 Walking tour of the historic old town and cultural heritage sites   • 🚲 Cy... | ⚠️ These are general destination-based suggestions. Sustainability credentials l... | Always research individual operators for the most current environmental policies...",local
C. Sustainable activities request,9,0.0452,success,"🌿 Sustainable Activity Suggestions for your destination | These suggestions prioritise low-impact, community-based, and culturally meaning... |   • 🚶 Walking tour of the historic old town and cultural heritage sites   • 🚲 Cy... | ⚠️ These are general destination-based suggestions. Sustainability credentials l... | Always research individual operators for the most current environmental policies...",local
C. Sustainable activities request,10,0.0645,success,"🌿 Sustainable Activity Suggestions for your destination | These suggestions prioritise low-impact, community-based, and culturally meaning... |   • 🚶 Walking tour of the historic old town and cultural heritage sites   • 🚲 Cy... | ⚠️ These are general destination-based suggestions. Sustainability credentials l... | Always research individual operators for the most current environmental policies...",local
D. Carbon offset programmes,1,0.0629,success,"🌱 Verified Carbon Offset Standards & Governance Resources | ⚠️ Mitigation Hierarchy Guidance: Reducing travel emissions should come first. W... | Purchasing carbon credits does not make high-emission travel carbon-neutral or z... | 1. Gold Standard for the Global Goals    • Organisation: Gold Standard Foundatio... | 2. Verified Carbon Standard (VCS)    • Organisation: Verra    • Type: Standard &... | 3. Plan Vivo Standard    • Organisation: Plan Vivo Foundation    • Type: Standar... | 4. Integrity Council for the Voluntary Carbon Market (ICVCM)    • Organisation: ... | Carbon credits should complement, not replace, direct emissions reductions. Chec...",local
D. Carbon offset programmes,2,0.0619,success,"🌱 Verified Carbon Offset Standards & Governance Resources | ⚠️ Mitigation Hierarchy Guidance: Reducing travel emissions should come first. W... | Purchasing carbon credits does not make high-emission travel carbon-neutral or z... | 1. Gold Standard for the Global Goals    • Organisation: Gold Standard Foundatio... | 2. Verified Carbon Standard (VCS)    • Organisation: Verra    • Type: Standard &... | 3. Plan Vivo Standard    • Organisation: Plan Vivo Foundation    • Type: Standar... | 4. Integrity Council for the Voluntary Carbon Market (ICVCM)    • Organisation: ... | Carbon credits should complement, not replace, direct emissions reductions. Chec...",local
D. Carbon offset programmes,3,0.0623,success,"🌱 Verified Carbon Offset Standards & Governance Resources | ⚠️ Mitigation Hierarchy Guidance: Reducing travel emissions should come first. W... | Purchasing carbon credits does not make high-emission travel carbon-neutral or z... | 1. Gold Standard for the Global Goals    • Organisation: Gold Standard Foundatio... | 2. Verified Carbon Standard (VCS)    • Organisation: Verra    • Type: Standard &... | 3. Plan Vivo Standard    • Organisation: Plan Vivo Foundation    • Type: Standar... | 4. Integrity Council for the Voluntary Carbon Market (ICVCM)    • Organisation: ... | Carbon credits should complement, not replace, direct emissions reductions. Chec...",local
D. Carbon offset programmes,4,0.0624,success,"🌱 Verified Carbon Offset Standards & Governance Resources | ⚠️ Mitigation Hierarchy Guidance: Reducing travel emissions should come first. W... | Purchasing carbon credits does not make high-emission travel carbon-neutral or z... | 1. Gold Standard for the Global Goals    • Organisation: Gold Standard Foundatio... | 2. Verified Carbon Standard (VCS)    • Organisation: Verra    • Type: Standard &... | 3. Plan Vivo Standard    • Organisation: Plan Vivo Foundation    • Type: Standar... | 4. Integrity Council for the Voluntary Carbon Market (ICVCM)    • Organisation: ... | Carbon credits should complement, not replace, direct emissions reductions. Chec...",local
D. Carbon offset programmes,5,0.0617,success,"🌱 Verified Carbon Offset Standards & Governance Resources | ⚠️ Mitigation Hierarchy Guidance: Reducing travel emissions should come first. W... | Purchasing carbon credits does not make high-emission travel carbon-neutral or z... | 1. Gold Standard for the Global Goals    • Organisation: Gold Standard Foundatio... | 2. Verified Carbon Standard (VCS)    • Organisation: Verra    • Type: Standard &... | 3. Plan Vivo Standard    • Organisation: Plan Vivo Foundation    • Type: Standar... | 4. Integrity Council for the Voluntary Carbon Market (ICVCM)    • Organisation: ... | Carbon credits should complement, not replace, direct emissions reductions. Chec...",local
D. Carbon offset programmes,6,0.0628,success,"🌱 Verified Carbon Offset Standards & Governance Resources | ⚠️ Mitigation Hierarchy Guidance: Reducing travel emissions should come first. W... | Purchasing carbon credits does not make high-emission travel carbon-neutral or z... | 1. Gold Standard for the Global Goals    • Organisation: Gold Standard Foundatio... | 2. Verified Carbon Standard (VCS)    • Organisation: Verra    • Type: Standard &... | 3. Plan Vivo Standard    • Organisation: Plan Vivo Foundation    • Type: Standar... | 4. Integrity Council for the Voluntary Carbon Market (ICVCM)    • Organisation: ... | Carbon credits should complement, not replace, direct emissions reductions. Chec...",local
D. Carbon offset programmes,7,0.061,success,"🌱 Verified Carbon Offset Standards & Governance Resources | ⚠️ Mitigation Hierarchy Guidance: Reducing travel emissions should come first. W... | Purchasing carbon credits does not make high-emission travel carbon-neutral or z... | 1. Gold Standard for the Global Goals    • Organisation: Gold Standard Foundatio... | 2. Verified Carbon Standard (VCS)    • Organisation: Verra    • Type: Standard &... | 3. Plan Vivo Standard    • Organisation: Plan Vivo Foundation    • Type: Standar... | 4. Integrity Council for the Voluntary Carbon Market (ICVCM)    • Organisation: ... | Carbon credits should complement, not replace, direct emissions reductions. Chec...",local
D. Carbon offset programmes,8,0.065,success,"🌱 Verified Carbon Offset Standards & Governance Resources | ⚠️ Mitigation Hierarchy Guidance: Reducing travel emissions should come first. W... | Purchasing carbon credits does not make high-emission travel carbon-neutral or z... | 1. Gold Standard for the Global Goals    • Organisation: Gold Standard Foundatio... | 2. Verified Carbon Standard (VCS)    • Organisation: Verra    • Type: Standard &... | 3. Plan Vivo Standard    • Organisation: Plan Vivo Foundation    • Type: Standar... | 4. Integrity Council for the Voluntary Carbon Market (ICVCM)    • Organisation: ... | Carbon credits should complement, not replace, direct emissions reductions. Chec...",local
D. Carbon offset programmes,9,0.0597,success,"🌱 Verified Carbon Offset Standards & Governance Resources | ⚠️ Mitigation Hierarchy Guidance: Reducing travel emissions should come first. W... | Purchasing carbon credits does not make high-emission travel carbon-neutral or z... | 1. Gold Standard for the Global Goals    • Organisation: Gold Standard Foundatio... | 2. Verified Carbon Standard (VCS)    • Organisation: Verra    • Type: Standard &... | 3. Plan Vivo Standard    • Organisation: Plan Vivo Foundation    • Type: Standar... | 4. Integrity Council for the Voluntary Carbon Market (ICVCM)    • Organisation: ... | Carbon credits should complement, not replace, direct emissions reductions. Chec...",local
D. Carbon offset programmes,10,0.0453,success,"🌱 Verified Carbon Offset Standards & Governance Resources | ⚠️ Mitigation Hierarchy Guidance: Reducing travel emissions should come first. W... | Purchasing carbon credits does not make high-emission travel carbon-neutral or z... | 1. Gold Standard for the Global Goals    • Organisation: Gold Standard Foundatio... | 2. Verified Carbon Standard (VCS)    • Organisation: Verra    • Type: Standard &... | 3. Plan Vivo Standard    • Organisation: Plan Vivo Foundation    • Type: Standar... | 4. Integrity Council for the Voluntary Carbon Market (ICVCM)    • Organisation: ... | Carbon credits should complement, not replace, direct emissions reductions. Chec...",local
E. Bot challenge,1,0.0231,success,I am EcoTravel Advisor — an AI-powered sustainable travel assistant built with R...,local
E. Bot challenge,2,0.0241,success,I am EcoTravel Advisor — an AI-powered sustainable travel assistant built with R...,local
E. Bot challenge,3,0.0462,success,I am EcoTravel Advisor — an AI-powered sustainable travel assistant built with R...,local
E. Bot challenge,4,0.0452,success,I am EcoTravel Advisor — an AI-powered sustainable travel assistant built with R...,local
E. Bot challenge,5,0.0462,success,I am EcoTravel Advisor — an AI-powered sustainable travel assistant built with R...,local
E. Bot challenge,6,0.0477,success,I am EcoTravel Advisor — an AI-powered sustainable travel assistant built with R...,local
E. Bot challenge,7,0.0446,success,I am EcoTravel Advisor — an AI-powered sustainable travel assistant built with R...,local
E. Bot challenge,8,0.0226,success,I am EcoTravel Advisor — an AI-powered sustainable travel assistant built with R...,local
E. Bot challenge,9,0.0409,success,I am EcoTravel Advisor — an AI-powered sustainable travel assistant built with R...,local
E. Bot challenge,10,0.0476,success,I am EcoTravel Advisor — an AI-powered sustainable travel assistant built with R...,local
F. Fallback (ambiguous input),1,0.0635,success,"I'm sorry, I couldn't confidently understand your request. Please choose one of ...",local
F. Fallback (ambiguous input),2,0.0619,success,"I'm sorry, I couldn't confidently understand your request. Please choose one of ...",local
F. Fallback (ambiguous input),3,0.0637,success,"I'm sorry, I couldn't confidently understand your request. Please choose one of ...",local
F. Fallback (ambiguous input),4,0.0439,success,"I'm sorry, I couldn't confidently understand your request. Please choose one of ...",local
F. Fallback (ambiguous input),5,0.0618,success,"I'm sorry, I couldn't confidently understand your request. Please choose one of ...",local
F. Fallback (ambiguous input),6,0.0627,success,"I'm sorry, I couldn't confidently understand your request. Please choose one of ...",local
F. Fallback (ambiguous input),7,0.0625,success,"I'm sorry, I couldn't confidently understand your request. Please choose one of ...",local
F. Fallback (ambiguous input),8,0.0648,success,"I'm sorry, I couldn't confidently understand your request. Please choose one of ...",local
F. Fallback (ambiguous input),9,0.0578,success,"I'm sorry, I couldn't confidently understand your request. Please choose one of ...",local
F. Fallback (ambiguous input),10,0.0625,success,"I'm sorry, I couldn't confidently understand your request. Please choose one of ...",local
G. Flight search (external-dependent),1,0.0467,success,"✈️ Flight Search: London (LON) → Paris (PAR) | ⚠️ LOCAL DEMONSTRATION DATA – not live flight availability. | The Amadeus sandbox service could not be reached from the current network enviro... | The records below demonstrate how live offers would be displayed when the API is... |   1. Demonstration Flight Option A      Route: LON → PAR (Direct flight option) ... |   2. Demonstration Flight Option B      Route: LON → PAR (Connecting flight opti... | For actual booking decisions, current schedule, fare and environmental data must...",external-dependent
G. Flight search (external-dependent),2,0.0687,success,"✈️ Flight Search: London (LON) → Paris (PAR) | ⚠️ LOCAL DEMONSTRATION DATA – not live flight availability. | The Amadeus sandbox service could not be reached from the current network enviro... | The records below demonstrate how live offers would be displayed when the API is... |   1. Demonstration Flight Option A      Route: LON → PAR (Direct flight option) ... |   2. Demonstration Flight Option B      Route: LON → PAR (Connecting flight opti... | For actual booking decisions, current schedule, fare and environmental data must...",external-dependent
G. Flight search (external-dependent),3,0.0632,success,"✈️ Flight Search: London (LON) → Paris (PAR) | ⚠️ LOCAL DEMONSTRATION DATA – not live flight availability. | The Amadeus sandbox service could not be reached from the current network enviro... | The records below demonstrate how live offers would be displayed when the API is... |   1. Demonstration Flight Option A      Route: LON → PAR (Direct flight option) ... |   2. Demonstration Flight Option B      Route: LON → PAR (Connecting flight opti... | For actual booking decisions, current schedule, fare and environmental data must...",external-dependent
G. Flight search (external-dependent),4,0.0624,success,"✈️ Flight Search: London (LON) → Paris (PAR) | ⚠️ LOCAL DEMONSTRATION DATA – not live flight availability. | The Amadeus sandbox service could not be reached from the current network enviro... | The records below demonstrate how live offers would be displayed when the API is... |   1. Demonstration Flight Option A      Route: LON → PAR (Direct flight option) ... |   2. Demonstration Flight Option B      Route: LON → PAR (Connecting flight opti... | For actual booking decisions, current schedule, fare and environmental data must...",external-dependent
G. Flight search (external-dependent),5,0.0614,success,"✈️ Flight Search: London (LON) → Paris (PAR) | ⚠️ LOCAL DEMONSTRATION DATA – not live flight availability. | The Amadeus sandbox service could not be reached from the current network enviro... | The records below demonstrate how live offers would be displayed when the API is... |   1. Demonstration Flight Option A      Route: LON → PAR (Direct flight option) ... |   2. Demonstration Flight Option B      Route: LON → PAR (Connecting flight opti... | For actual booking decisions, current schedule, fare and environmental data must...",external-dependent
G. Flight search (external-dependent),6,0.062,success,"✈️ Flight Search: London (LON) → Paris (PAR) | ⚠️ LOCAL DEMONSTRATION DATA – not live flight availability. | The Amadeus sandbox service could not be reached from the current network enviro... | The records below demonstrate how live offers would be displayed when the API is... |   1. Demonstration Flight Option A      Route: LON → PAR (Direct flight option) ... |   2. Demonstration Flight Option B      Route: LON → PAR (Connecting flight opti... | For actual booking decisions, current schedule, fare and environmental data must...",external-dependent
G. Flight search (external-dependent),7,0.0651,success,"✈️ Flight Search: London (LON) → Paris (PAR) | ⚠️ LOCAL DEMONSTRATION DATA – not live flight availability. | The Amadeus sandbox service could not be reached from the current network enviro... | The records below demonstrate how live offers would be displayed when the API is... |   1. Demonstration Flight Option A      Route: LON → PAR (Direct flight option) ... |   2. Demonstration Flight Option B      Route: LON → PAR (Connecting flight opti... | For actual booking decisions, current schedule, fare and environmental data must...",external-dependent
G. Flight search (external-dependent),8,0.0621,success,"✈️ Flight Search: London (LON) → Paris (PAR) | ⚠️ LOCAL DEMONSTRATION DATA – not live flight availability. | The Amadeus sandbox service could not be reached from the current network enviro... | The records below demonstrate how live offers would be displayed when the API is... |   1. Demonstration Flight Option A      Route: LON → PAR (Direct flight option) ... |   2. Demonstration Flight Option B      Route: LON → PAR (Connecting flight opti... | For actual booking decisions, current schedule, fare and environmental data must...",external-dependent
G. Flight search (external-dependent),9,0.0636,success,"✈️ Flight Search: London (LON) → Paris (PAR) | ⚠️ LOCAL DEMONSTRATION DATA – not live flight availability. | The Amadeus sandbox service could not be reached from the current network enviro... | The records below demonstrate how live offers would be displayed when the API is... |   1. Demonstration Flight Option A      Route: LON → PAR (Direct flight option) ... |   2. Demonstration Flight Option B      Route: LON → PAR (Connecting flight opti... | For actual booking decisions, current schedule, fare and environmental data must...",external-dependent
G. Flight search (external-dependent),10,0.0626,success,"✈️ Flight Search: London (LON) → Paris (PAR) | ⚠️ LOCAL DEMONSTRATION DATA – not live flight availability. | The Amadeus sandbox service could not be reached from the current network enviro... | The records below demonstrate how live offers would be displayed when the API is... |   1. Demonstration Flight Option A      Route: LON → PAR (Direct flight option) ... |   2. Demonstration Flight Option B      Route: LON → PAR (Connecting flight opti... | For actual booking decisions, current schedule, fare and environmental data must...",external-dependent
H. Eco accommodation (external-dependent),1,0.0465,success,🏨 Eco Accommodation Recommendations for your destination | ⚠️ LOCAL DEMONSTRATION DATA – not live hotel availability.   (Amadeus API return... | Ranked using your MEDIUM sustainability preference (carbon 35% / price 35% / eco... |   1. Hotel Ottilia      💰 Price: ~£120/night      🌱 Carbon score: 9/10      ♻️  ... |   2. citizenM London Bankside      💰 Price: ~£130/night      🌱 Carbon score: 8/1... |   3. Praktik Rambla      💰 Price: ~£90/night      🌱 Carbon score: 8/10      ♻️  ... |   4. Hôtel Récamier      💰 Price: ~£145/night      🌱 Carbon score: 8/10      ♻️ ... | ⚠️ Sustainability claims are based on information reported by the source and hav...,external-dependent
H. Eco accommodation (external-dependent),2,0.0611,success,🏨 Eco Accommodation Recommendations for your destination | ⚠️ LOCAL DEMONSTRATION DATA – not live hotel availability.   (Amadeus API return... | Ranked using your MEDIUM sustainability preference (carbon 35% / price 35% / eco... |   1. Hotel Ottilia      💰 Price: ~£120/night      🌱 Carbon score: 9/10      ♻️  ... |   2. citizenM London Bankside      💰 Price: ~£130/night      🌱 Carbon score: 8/1... |   3. Praktik Rambla      💰 Price: ~£90/night      🌱 Carbon score: 8/10      ♻️  ... |   4. Hôtel Récamier      💰 Price: ~£145/night      🌱 Carbon score: 8/10      ♻️ ... | ⚠️ Sustainability claims are based on information reported by the source and hav...,external-dependent
H. Eco accommodation (external-dependent),3,0.0613,success,🏨 Eco Accommodation Recommendations for your destination | ⚠️ LOCAL DEMONSTRATION DATA – not live hotel availability.   (Amadeus API return... | Ranked using your MEDIUM sustainability preference (carbon 35% / price 35% / eco... |   1. Hotel Ottilia      💰 Price: ~£120/night      🌱 Carbon score: 9/10      ♻️  ... |   2. citizenM London Bankside      💰 Price: ~£130/night      🌱 Carbon score: 8/1... |   3. Praktik Rambla      💰 Price: ~£90/night      🌱 Carbon score: 8/10      ♻️  ... |   4. Hôtel Récamier      💰 Price: ~£145/night      🌱 Carbon score: 8/10      ♻️ ... | ⚠️ Sustainability claims are based on information reported by the source and hav...,external-dependent
H. Eco accommodation (external-dependent),4,0.0645,success,🏨 Eco Accommodation Recommendations for your destination | ⚠️ LOCAL DEMONSTRATION DATA – not live hotel availability.   (Amadeus API return... | Ranked using your MEDIUM sustainability preference (carbon 35% / price 35% / eco... |   1. Hotel Ottilia      💰 Price: ~£120/night      🌱 Carbon score: 9/10      ♻️  ... |   2. citizenM London Bankside      💰 Price: ~£130/night      🌱 Carbon score: 8/1... |   3. Praktik Rambla      💰 Price: ~£90/night      🌱 Carbon score: 8/10      ♻️  ... |   4. Hôtel Récamier      💰 Price: ~£145/night      🌱 Carbon score: 8/10      ♻️ ... | ⚠️ Sustainability claims are based on information reported by the source and hav...,external-dependent
H. Eco accommodation (external-dependent),5,0.0653,success,🏨 Eco Accommodation Recommendations for your destination | ⚠️ LOCAL DEMONSTRATION DATA – not live hotel availability.   (Amadeus API return... | Ranked using your MEDIUM sustainability preference (carbon 35% / price 35% / eco... |   1. Hotel Ottilia      💰 Price: ~£120/night      🌱 Carbon score: 9/10      ♻️  ... |   2. citizenM London Bankside      💰 Price: ~£130/night      🌱 Carbon score: 8/1... |   3. Praktik Rambla      💰 Price: ~£90/night      🌱 Carbon score: 8/10      ♻️  ... |   4. Hôtel Récamier      💰 Price: ~£145/night      🌱 Carbon score: 8/10      ♻️ ... | ⚠️ Sustainability claims are based on information reported by the source and hav...,external-dependent
H. Eco accommodation (external-dependent),6,0.0582,success,🏨 Eco Accommodation Recommendations for your destination | ⚠️ LOCAL DEMONSTRATION DATA – not live hotel availability.   (Amadeus API return... | Ranked using your MEDIUM sustainability preference (carbon 35% / price 35% / eco... |   1. Hotel Ottilia      💰 Price: ~£120/night      🌱 Carbon score: 9/10      ♻️  ... |   2. citizenM London Bankside      💰 Price: ~£130/night      🌱 Carbon score: 8/1... |   3. Praktik Rambla      💰 Price: ~£90/night      🌱 Carbon score: 8/10      ♻️  ... |   4. Hôtel Récamier      💰 Price: ~£145/night      🌱 Carbon score: 8/10      ♻️ ... | ⚠️ Sustainability claims are based on information reported by the source and hav...,external-dependent
H. Eco accommodation (external-dependent),7,0.0635,success,🏨 Eco Accommodation Recommendations for your destination | ⚠️ LOCAL DEMONSTRATION DATA – not live hotel availability.   (Amadeus API return... | Ranked using your MEDIUM sustainability preference (carbon 35% / price 35% / eco... |   1. Hotel Ottilia      💰 Price: ~£120/night      🌱 Carbon score: 9/10      ♻️  ... |   2. citizenM London Bankside      💰 Price: ~£130/night      🌱 Carbon score: 8/1... |   3. Praktik Rambla      💰 Price: ~£90/night      🌱 Carbon score: 8/10      ♻️  ... |   4. Hôtel Récamier      💰 Price: ~£145/night      🌱 Carbon score: 8/10      ♻️ ... | ⚠️ Sustainability claims are based on information reported by the source and hav...,external-dependent
H. Eco accommodation (external-dependent),8,0.0603,success,🏨 Eco Accommodation Recommendations for your destination | ⚠️ LOCAL DEMONSTRATION DATA – not live hotel availability.   (Amadeus API return... | Ranked using your MEDIUM sustainability preference (carbon 35% / price 35% / eco... |   1. Hotel Ottilia      💰 Price: ~£120/night      🌱 Carbon score: 9/10      ♻️  ... |   2. citizenM London Bankside      💰 Price: ~£130/night      🌱 Carbon score: 8/1... |   3. Praktik Rambla      💰 Price: ~£90/night      🌱 Carbon score: 8/10      ♻️  ... |   4. Hôtel Récamier      💰 Price: ~£145/night      🌱 Carbon score: 8/10      ♻️ ... | ⚠️ Sustainability claims are based on information reported by the source and hav...,external-dependent
H. Eco accommodation (external-dependent),9,0.0618,success,🏨 Eco Accommodation Recommendations for your destination | ⚠️ LOCAL DEMONSTRATION DATA – not live hotel availability.   (Amadeus API return... | Ranked using your MEDIUM sustainability preference (carbon 35% / price 35% / eco... |   1. Hotel Ottilia      💰 Price: ~£120/night      🌱 Carbon score: 9/10      ♻️  ... |   2. citizenM London Bankside      💰 Price: ~£130/night      🌱 Carbon score: 8/1... |   3. Praktik Rambla      💰 Price: ~£90/night      🌱 Carbon score: 8/10      ♻️  ... |   4. Hôtel Récamier      💰 Price: ~£145/night      🌱 Carbon score: 8/10      ♻️ ... | ⚠️ Sustainability claims are based on information reported by the source and hav...,external-dependent
H. Eco accommodation (external-dependent),10,0.0631,success,🏨 Eco Accommodation Recommendations for your destination | ⚠️ LOCAL DEMONSTRATION DATA – not live hotel availability.   (Amadeus API return... | Ranked using your MEDIUM sustainability preference (carbon 35% / price 35% / eco... |   1. Hotel Ottilia      💰 Price: ~£120/night      🌱 Carbon score: 9/10      ♻️  ... |   2. citizenM London Bankside      💰 Price: ~£130/night      🌱 Carbon score: 8/1... |   3. Praktik Rambla      💰 Price: ~£90/night      🌱 Carbon score: 8/10      ♻️  ... |   4. Hôtel Récamier      💰 Price: ~£145/night      🌱 Carbon score: 8/10      ♻️ ... | ⚠️ Sustainability claims are based on information reported by the source and hav...,external-dependent
